OBJECTID *,RID,FMEAS,Distance,Pt_ID,North_ft,East_ft,Elv_ft,Code,Type,H_Precis,V_Precis,PDOP,No_Sat,Time,Date,Solution,Flag_1SD,F2018_LEAN,F2011_SCC,F2017_NOAA
1,marsh_xs_3,17.126792,0.466226,1007,1840031.92,6552710.09,5.37,xs_184_1,Marsh,0.066,0.148,1.3,15,12:05:02 PM,5/15/2024,FIXED,NA,4.06064,6.2484,5.3792
2,marsh_xs_3,16.562669,0.345126,1008,1840031.67,6552709.57,4.69,xs_184_1,Marsh,0.066,0.149,1.3,15,12:05:12 PM,5/15/2024,FIXED,NA,4.06064,6.2484,5.3792
3,marsh_xs_3,16.0515,0.272974,1009,1840031.48,6552709.09,4.68,xs_184_1,Marsh,0.065,0.149,1.3,15,12:05:26 PM,5/15/2024,FIXED,NA,4.06064,6.2484,5.3792
4,marsh_xs_3,14.496498,0.308586,1010,1840031.15,6552707.57,4.56,xs_184_1,Marsh,0.065,0.151,1.3,15,12:05:40 PM,5/15/2024,FIXED,NA,4.7724,6.20248,5.3792
5,marsh_xs_3,13.176563,-0.216555,1011,1840030.33,6552706.41,4.89,xs_184_1,Marsh,0.062,0.147,1.3,15,12:06:14 PM,5/15/2024,FIXED,NA,4.7724,6.20248,5.412
6,marsh_xs_3,8.708472,-1.04188,1012,1840028.48,6552702.26,4.65,xs_184_1,Marsh,0.061,0.146,1.3,15,12:06:49 PM,5/15/2024,FIXED,NA,5.35952,6.26152,5.1824
7,marsh_xs_3,5.968802,-0.586791,1013,1840028.28,6552699.49,4.61,xs_184_1,Marsh,0.062,0.148,1.3,15,12:07:23 PM,5/15/2024,FIXED,NA,5.9696,6.2156,5.1824
8,marsh_xs_3,0.009117,0.336382,1014,1840027.78,6552693.48,3.85,xs_184_1,Marsh,0.062,0.149,1.3,15,12:07:59 PM,5/15/2024,FIXED,NA,6.08768,6.08112,5.2152
9,marsh_xs_2,141.0228,-2.455596,1016,1838800.73,6552958.16,7.49,xs_108,Marsh,0.068,0.172,1.5,15,12:36:08 PM,5/15/2024,FIXED,NA,6.63544,7.77688,7.6096
10,marsh_xs_2,138.731964,-1.553888,1017,1838800,6552955.77,7.35,xs_108,Marsh,0.068,0.169,1.5,15,12:36:18 PM,5/15/2024,FIXED,NA,6.7404,7.57024,7.38
11,marsh_xs_2,137.369667,-1.00585,1018,1838799.59,6552954.36,7.26,xs_108,Marsh,0.071,0.17,1.5,15,12:36:25 PM,5/15/2024,FIXED,NA,6.67808,7.57024,7.216
12,marsh_xs_2,136.038836,-0.482508,1019,1838799.18,6552952.99,7.17,xs_108,Marsh,0.071,0.168,1.5,15,12:36:34 PM,5/15/2024,FIXED,NA,6.67808,7.4948,7.1504
13,marsh_xs_2,132.95774,0.321324,1020,1838797.91,6552950.07,7.18,xs_108,Marsh,0.071,0.168,1.5,15,12:36:45 PM,5/15/2024,FIXED,NA,6.50752,7.29472,7.1504
14,marsh_xs_2,130.667763,0.529645,1021,1838796.66,6552948.14,7.12,xs_108,Marsh,0.072,0.169,1.5,15,12:36:54 PM,5/15/2024,FIXED,NA,6.50752,7.29472,7.1176
15,marsh_xs_2,128.04191,0.747342,1022,1838795.21,6552945.94,6.97,xs_108,Marsh,0.073,0.173,1.5,15,12:37:04 PM,5/15/2024,FIXED,NA,6.58952,7.15696,6.888
16,marsh_xs_2,126.688851,0.805059,1023,1838794.42,6552944.84,6.87,xs_108,Marsh,0.075,0.174,1.5,15,12:37:12 PM,5/15/2024,FIXED,NA,6.58952,7.15696,6.888
17,marsh_xs_2,125.49033,0.703345,1024,1838793.6,6552943.96,6.85,xs_108,Marsh,0.078,0.177,1.5,15,12:37:21 PM,5/15/2024,FIXED,NA,6.49112,6.99952,6.888
18,marsh_xs_2,123.876675,0.736777,1025,1838792.63,6552942.67,6.79,xs_108,Marsh,0.075,0.171,1.5,15,12:37:29 PM,5/15/2024,FIXED,NA,6.49112,6.99952,6.724
19,marsh_xs_2,122.09801,0.543777,1026,1838791.38,6552941.39,6.73,xs_108,Marsh,0.076,0.174,1.5,15,12:37:41 PM,5/15/2024,FIXED,NA,6.42552,6.9864,6.724
20,marsh_xs_2,120.56709,0.245313,1027,1838790.2,6552940.37,6.65,xs_108,Marsh,0.072,0.172,1.5,15,12:37:54 PM,5/15/2024,FIXED,NA,6.42552,6.87488,6.724
21,marsh_xs_2,118.919272,0.089449,1028,1838789.06,6552939.17,6.59,xs_108,Marsh,0.072,0.171,1.5,15,12:38:11 PM,5/15/2024,FIXED,NA,6.4452,6.87488,6.6912
22,marsh_xs_2,117.445337,0.381876,1029,1838788.38,6552937.83,6.56,xs_108,Marsh,0.07,0.171,1.5,15,12:38:23 PM,5/15/2024,FIXED,NA,6.25496,6.76992,6.6912
23,marsh_xs_2,116.142861,0.374467,1030,1838787.57,6552936.81,6.36,xs_108,Marsh,0.073,0.171,1.5,15,12:38:31 PM,5/15/2024,FIXED,NA,6.25496,6.69448,6.6912
24,marsh_xs_2,114.418986,0.672383,1031,1838786.74,6552935.27,6.48,xs_108,Marsh,0.073,0.17,1.5,15,12:38:42 PM,5/15/2024,FIXED,NA,6.25496,6.69448,6.4944
25,marsh_xs_2,113.32881,0.676316,1032,1838786.07,6552934.41,6.51,xs_108,Marsh,0.074,0.171,1.5,15,12:38:51 PM,5/15/2024,FIXED,NA,6.34352,6.63872,6.4616
26,marsh_xs_2,112.05382,0.73632,1033,1838785.33,6552933.37,6.51,xs_108,Marsh,0.076,0.174,1.5,15,12:39:00 PM,5/15/2024,FIXED,NA,6.18936,6.6092,6.396
27,marsh_xs_2,111.071486,0.731883,1034,1838784.72,6552932.6,6.34,xs_108,Marsh,0.072,0.171,1.5,15,12:39:10 PM,5/15/2024,FIXED,NA,6.18936,6.6092,6.396
28,marsh_xs_2,109.681291,0.920447,1035,1838784.01,6552931.39,6.14,xs_108,Marsh,0.072,0.169,1.5,15,12:39:19 PM,5/15/2024,FIXED,NA,5.98272,6.6092,6.396
29,marsh_xs_2,105.480521,1.204734,1036,1838781.64,6552927.91,6.19,xs_108,Marsh,0.073,0.168,1.5,15,12:39:28 PM,5/15/2024,FIXED,NA,6.0188,6.40912,6.1992
30,marsh_xs_2,102.187995,1.39906,1037,1838779.76,6552925.2,6.19,xs_108,Marsh,0.075,0.176,1.5,15,12:39:40 PM,5/15/2024,FIXED,NA,6.0188,6.45832,6.1992
31,marsh_xs_2,99.398869,2.380525,1038,1838778.81,6552922.4,6.05,xs_108,Marsh,0.074,0.176,1.5,15,12:39:57 PM,5/15/2024,FIXED,NA,5.84496,6.33696,6.1008
32,marsh_xs_2,96.225939,2.646244,1039,1838777.06,6552919.74,5.86,xs_108,Marsh,0.072,0.172,1.5,15,12:40:07 PM,5/15/2024,FIXED,NA,5.84824,6.25168,6.1336
33,marsh_xs_2,94.412836,2.798083,1040,1838776.06,6552918.22,6,xs_108,Marsh,0.077,0.175,1.5,15,12:40:16 PM,5/15/2024,FIXED,NA,5.65144,6.25168,6.1664
34,marsh_xs_2,93.323163,2.916032,1041,1838775.48,6552917.29,5.91,xs_108,Marsh,0.073,0.177,1.5,15,12:40:24 PM,5/15/2024,FIXED,NA,5.65144,6.13688,6.1664
35,marsh_xs_2,91.499815,3.330159,1042,1838774.68,6552915.6,5.69,xs_108,Marsh,0.076,0.18,1.5,15,12:40:34 PM,5/15/2024,FIXED,NA,5.65144,6.13688,5.8712
36,marsh_xs_2,90.557408,3.230824,1043,1838774.02,6552914.92,5.54,xs_108,Marsh,0.073,0.175,1.5,15,12:40:45 PM,5/15/2024,FIXED,NA,5.46448,6.13688,5.8712
37,marsh_xs_2,89.248072,3.457622,1044,1838773.39,6552913.75,5.68,xs_108,Marsh,0.069,0.168,1.5,15,12:40:58 PM,5/15/2024,FIXED,NA,5.46448,6.09424,5.8056
38,marsh_xs_2,87.91413,3.474909,1045,1838772.58,6552912.69,5.89,xs_108,Marsh,0.073,0.176,1.5,15,12:41:07 PM,5/15/2024,FIXED,NA,5.74,6.09424,6.0024
39,marsh_xs_2,86.286938,3.620666,1046,1838771.69,6552911.32,5.89,xs_108,Marsh,0.072,0.17,1.3,16,12:41:16 PM,5/15/2024,FIXED,NA,5.50712,6.16312,6.0024
40,marsh_xs_2,85.094088,3.412802,1047,1838770.79,6552910.51,5.65,xs_108,Marsh,0.065,0.158,1.3,16,12:41:28 PM,5/15/2024,FIXED,NA,5.50712,6.16312,6.0024
41,marsh_xs_2,82.812251,3.080814,1048,1838769.12,6552908.92,5.8,xs_108,Marsh,0.066,0.156,1.3,16,12:41:38 PM,5/15/2024,FIXED,NA,5.5924,6.16312,5.8056
42,marsh_xs_2,81.191828,3.170408,1049,1838768.19,6552907.59,5.56,xs_108,Marsh,0.067,0.158,1.3,16,12:41:47 PM,5/15/2024,FIXED,NA,5.33,6.1172,5.8056
43,marsh_xs_2,78.366023,3.392496,1050,1838766.62,6552905.23,5.54,xs_108,Marsh,0.067,0.16,1.3,16,12:42:00 PM,5/15/2024,FIXED,NA,5.33,6.1172,5.6416
44,marsh_xs_2,76.019883,3.594048,1051,1838765.33,6552903.26,5.4,xs_108,Marsh,0.066,0.162,1.3,16,12:42:10 PM,5/15/2024,FIXED,NA,5.23488,6.01224,5.4448
45,marsh_xs_2,74.582856,3.107477,1052,1838764.06,6552902.43,5.51,xs_108,Marsh,0.066,0.157,1.3,16,12:42:20 PM,5/15/2024,FIXED,NA,5.23488,6.01224,5.412
46,marsh_xs_2,72.230313,2.653012,1053,1838762.25,6552900.86,5.26,xs_108,Marsh,0.068,0.157,1.3,16,12:42:31 PM,5/15/2024,FIXED,NA,4.93968,5.94336,5.412
47,marsh_xs_2,69.480657,2.243276,1054,1838760.23,6552898.95,5.25,xs_108,Marsh,0.069,0.156,1.3,16,12:42:41 PM,5/15/2024,FIXED,NA,4.93968,5.94336,5.3792
48,marsh_xs_2,66.819908,1.509509,1055,1838758.01,6552897.31,5.14,xs_108,Marsh,0.068,0.154,1.3,16,12:42:51 PM,5/15/2024,FIXED,NA,4.9364,5.62848,5.3792
49,marsh_xs_2,64.242717,1.027969,1056,1838756.04,6552895.58,5.1,xs_108,Marsh,0.071,0.161,1.3,16,12:43:02 PM,5/15/2024,FIXED,NA,5.002,5.62848,5.3792
50,marsh_xs_2,62.025503,0.632548,1057,1838754.36,6552894.08,5.05,xs_108,Marsh,0.067,0.157,1.3,16,12:43:12 PM,5/15/2024,FIXED,NA,4.91344,5.7892,5.3792
51,marsh_xs_2,59.546504,0.340898,1058,1838752.6,6552892.31,5.11,xs_108,Marsh,0.066,0.152,1.3,16,12:43:22 PM,5/15/2024,FIXED,NA,4.96592,5.53664,5.3136
52,marsh_xs_2,55.755287,0.418144,1059,1838750.32,6552889.28,5.17,xs_108,Marsh,0.065,0.149,1.3,16,12:43:34 PM,5/15/2024,FIXED,NA,4.93968,5.56616,5.1824
53,marsh_xs_2,51.813878,-0.149469,1060,1838747.44,6552886.53,5.11,xs_108,Marsh,0.065,0.153,1.3,16,12:43:46 PM,5/15/2024,FIXED,NA,4.70352,5.53336,4.6576
54,marsh_xs_2,49.24373,-1.221305,1061,1838745.01,6552885.17,5.15,xs_108,Marsh,0.063,0.149,1.3,16,12:43:55 PM,5/15/2024,FIXED,NA,4.74616,5.67112,4.6576
55,marsh_xs_2,45.687452,-2.561559,1062,1838741.76,6552883.2,5.05,xs_108,Marsh,0.062,0.149,1.3,16,12:44:07 PM,5/15/2024,FIXED,NA,4.76256,5.79576,4.6248
56,marsh_xs_2,44.020517,-2.676993,1063,1838740.64,6552881.96,5.17,xs_108,Marsh,0.064,0.149,1.3,16,12:44:16 PM,5/15/2024,FIXED,NA,4.76256,5.79576,4.6248
57,marsh_xs_2,40.46433,-2.008764,1064,1838738.97,6552878.75,5.1,xs_108,Marsh,0.06,0.146,1.3,16,12:44:29 PM,5/15/2024,FIXED,NA,4.77896,5.91712,4.8544
58,marsh_xs_2,36.194227,-2.331102,1065,1838736.08,6552875.59,5.19,xs_108,Marsh,0.06,0.147,1.3,16,12:44:39 PM,5/15/2024,FIXED,NA,4.9692,6.02864,4.8872
59,marsh_xs_2,31.692248,-3.920655,1066,1838732.05,6552873.03,5.13,xs_108,Marsh,0.065,0.152,1.3,16,12:44:52 PM,5/15/2024,FIXED,NA,5.80888,6.0188,5.1496
60,marsh_xs_2,28.550875,-3.857678,1067,1838730.16,6552870.52,5.18,xs_108,Marsh,0.062,0.148,1.3,16,12:45:24 PM,5/15/2024,FIXED,NA,6.42224,5.97288,5.3464
61,marsh_xs_2,19.746825,-5.858888,1068,1838723.15,6552864.83,5.1,xs_108,Marsh,0.067,0.153,1.3,16,12:45:51 PM,5/15/2024,FIXED,NA,6.45176,5.96304,5.576
62,marsh_xs_2,15.981448,-4.695948,1069,1838721.74,6552861.15,5.18,xs_108,Marsh,0.064,0.148,1.3,16,12:46:06 PM,5/15/2024,FIXED,NA,6.25496,6.01552,5.576
63,marsh_xs_2,10.950732,-3.671264,1070,1838719.44,6552856.56,5.12,xs_108,Marsh,0.064,0.149,1.3,16,12:46:18 PM,5/15/2024,FIXED,NA,6.48456,5.97944,5.3792
64,marsh_xs_2,6.071443,-3.312064,1071,1838716.71,6552852.5,5.17,xs_108,Marsh,0.065,0.15,1.4,16,12:46:29 PM,5/15/2024,FIXED,NA,6.47472,5.90072,5.4448
65,marsh_xs_2,2.309634,-0.346768,1072,1838716.72,6552847.71,5.2,xs_108,Marsh,0.064,0.151,1.4,16,12:46:47 PM,5/15/2024,FIXED,NA,6.4452,6.1336,5.576
66,marsh_xs_2,0,1.984914,1073,1838717.05,6552844.36,5.2,xs_108,Marsh,0.067,0.151,1.4,16,12:47:00 PM,5/15/2024,FIXED,NA,6.49768,6.16312,5.6088
67,marsh_xs_1,167.104831,0.147582,1074,1838051.21,6553477.75,8.69,xs_16,Marsh,0.078,0.196,1.4,16,12:54:57 PM,5/15/2024,FIXED,NA,7.47512,8.66904,8.692
68,marsh_xs_1,165.950695,-0.129855,1075,1838050.74,6553476.66,8.43,xs_16,Marsh,0.083,0.202,1.4,16,12:55:57 PM,5/15/2024,FIXED,FLAG,7.47512,8.66904,8.2656
69,marsh_xs_1,162.605701,-0.576529,1076,1838049.73,6553473.44,8.17,xs_16,Marsh,0.076,0.191,1.4,16,12:58:01 PM,5/15/2024,FIXED,NA,7.53744,8.19344,8.036
70,marsh_xs_1,156.288086,-1.605295,1077,1838047.64,6553467.39,7.93,xs_16,Marsh,0.078,0.197,1.4,16,12:58:21 PM,5/15/2024,FIXED,NA,7.2324,7.954,7.9376
71,marsh_xs_1,148.137563,-1.789458,1078,1838046.07,6553459.39,7.71,xs_16,Marsh,0.077,0.196,1.4,16,12:58:34 PM,5/15/2024,FIXED,NA,7.2324,7.6588,7.708
72,marsh_xs_1,141.592478,-2.372963,1079,1838044.38,6553453.04,7.47,xs_16,Marsh,0.078,0.197,1.4,16,12:58:46 PM,5/15/2024,FIXED,NA,6.8552,7.5604,7.4456
73,marsh_xs_1,134.838662,-2.402815,1080,1838043.2,6553446.39,7.24,xs_16,Marsh,0.076,0.194,1.4,16,12:59:01 PM,5/15/2024,FIXED,NA,6.77648,7.3472,7.3144
74,marsh_xs_1,128.715161,-1.780514,1081,1838042.77,6553440.25,7.13,xs_16,Marsh,0.177,0.192,1.3,17,12:59:37 PM,5/15/2024,FIXED,NA,6.78304,7.29144,7.2488
75,marsh_xs_1,123.087856,-1.751418,1082,1838041.84,6553434.7,7.15,xs_16,Marsh,0.175,0.203,1.3,17,1:00:09 PM,5/15/2024,FIXED,FLAG,6.81584,7.20616,7.2488
76,marsh_xs_1,117.426342,-2.213676,1083,1838040.42,6553429.2,7.14,xs_16,Marsh,0.15,0.178,1.3,17,1:00:20 PM,5/15/2024,FIXED,NA,6.8552,7.23896,7.1832
77,marsh_xs_1,111.958208,-1.146521,1084,1838040.54,6553423.63,7.13,xs_16,Marsh,0.128,0.163,1.3,17,1:00:31 PM,5/15/2024,FIXED,NA,6.82568,7.26848,7.2488
78,marsh_xs_1,106.800982,-0.8638,1085,1838039.94,6553418.5,6.86,xs_16,Marsh,0.122,0.152,1.3,17,1:00:42 PM,5/15/2024,FIXED,NA,6.46488,6.9536,7.1176
79,marsh_xs_1,100.617719,-0.880661,1086,1838038.87,6553412.41,6.62,xs_16,Marsh,0.12,0.156,1.3,17,1:00:54 PM,5/15/2024,FIXED,NA,6.16312,6.77976,6.6256
80,marsh_xs_1,94.643826,-0.801792,1087,1838037.93,6553406.51,6.54,xs_16,Marsh,0.112,0.15,1.3,17,1:01:05 PM,5/15/2024,FIXED,NA,6.068,6.71744,6.5928
81,marsh_xs_1,89.001188,-0.86138,1088,1838036.91,6553400.96,6.4,xs_16,Marsh,0.097,0.144,1.3,17,1:01:16 PM,5/15/2024,FIXED,NA,5.87776,6.56,6.3632
82,marsh_xs_1,83.131545,-0.942611,1089,1838035.83,6553395.19,6.2,xs_16,Marsh,0.11,0.149,1.3,17,1:01:25 PM,5/15/2024,FIXED,NA,5.76624,6.43864,6.3304
83,marsh_xs_1,79.377471,-0.526989,1090,1838035.6,6553391.42,5.94,xs_16,Marsh,0.088,0.142,1.3,17,1:01:36 PM,5/15/2024,FIXED,NA,5.65144,6.478,6.1336
84,marsh_xs_1,76.083488,-0.150317,1091,1838035.41,6553388.11,6.09,xs_16,Marsh,0.08,0.139,1.3,17,1:01:48 PM,5/15/2024,FIXED,NA,5.65144,6.36648,6.1664
85,marsh_xs_1,73.607005,0.024128,1092,1838035.16,6553385.64,5.98,xs_16,Marsh,0.076,0.139,1.3,17,1:01:59 PM,5/15/2024,FIXED,NA,5.7892,6.28776,6.1664
86,marsh_xs_1,72.672828,-0.037628,1093,1838034.94,6553384.73,6.08,xs_16,Marsh,0.078,0.14,1.3,17,1:02:09 PM,5/15/2024,FIXED,NA,5.7892,6.28776,6.2648
87,marsh_xs_1,71.142311,-0.026728,1094,1838034.69,6553383.22,6.17,xs_16,Marsh,0.072,0.136,1.3,17,1:02:17 PM,5/15/2024,FIXED,NA,5.7892,6.22216,6.2648
88,marsh_xs_1,69.058044,0.303171,1095,1838034.66,6553381.11,6.16,xs_16,Marsh,0.073,0.14,1.3,17,1:02:26 PM,5/15/2024,FIXED,NA,5.79904,6.22216,6.232
89,marsh_xs_1,67.501005,0.278062,1096,1838034.37,6553379.58,6.01,xs_16,Marsh,0.07,0.137,1.3,17,1:02:33 PM,5/15/2024,FIXED,NA,5.53008,6.24184,6.232
90,marsh_xs_1,66.862075,0.104372,1097,1838034.09,6553378.98,5.78,xs_16,Marsh,0.07,0.136,1.3,17,1:02:40 PM,5/15/2024,FIXED,NA,5.53008,6.13032,6.232
91,marsh_xs_1,65.769501,-0.051779,1098,1838033.75,6553377.93,5.8,xs_16,Marsh,0.067,0.135,1.3,17,1:02:50 PM,5/15/2024,FIXED,NA,5.53008,6.13032,6.1664
92,marsh_xs_1,63.57417,0.398805,1099,1838033.82,6553375.69,5.82,xs_16,Marsh,0.067,0.138,1.3,17,1:03:01 PM,5/15/2024,FIXED,NA,5.42512,6.09096,6.1664
93,marsh_xs_1,62.401934,0.662361,1100,1838033.88,6553374.49,5.7,xs_16,Marsh,0.066,0.137,1.3,17,1:03:10 PM,5/15/2024,FIXED,NA,5.42512,6.09096,5.8384
94,marsh_xs_1,61.07554,0.445151,1101,1838033.44,6553373.22,5.59,xs_16,Marsh,0.065,0.136,1.3,17,1:03:18 PM,5/15/2024,FIXED,NA,5.42512,6.01552,5.7072
95,marsh_xs_1,59.16266,0.298893,1102,1838032.97,6553371.36,5.56,xs_16,Marsh,0.071,0.144,1.3,17,1:03:27 PM,5/15/2024,FIXED,NA,5.17256,6.01552,5.8056
96,marsh_xs_1,57.823005,0.063679,1103,1838032.51,6553370.08,5.7,xs_16,Marsh,0.067,0.137,1.3,17,1:03:35 PM,5/15/2024,FIXED,NA,5.11024,6.07784,5.8056
97,marsh_xs_1,55.755271,0.137011,1104,1838032.23,6553368.03,5.65,xs_16,Marsh,0.065,0.136,1.3,17,1:03:46 PM,5/15/2024,FIXED,NA,5.37592,6.07784,5.8384
98,marsh_xs_1,52.856137,-0.254818,1105,1838031.35,6553365.24,5.59,xs_16,Marsh,0.064,0.137,1.3,17,1:03:55 PM,5/15/2024,FIXED,NA,5.20864,6.07456,5.8384
99,marsh_xs_1,50.485006,-0.057993,1106,1838031.14,6553362.87,5.6,xs_16,Marsh,0.067,0.141,1.3,17,1:04:08 PM,5/15/2024,FIXED,NA,4.98888,5.89416,5.7072
100,marsh_xs_1,48.757413,-0.013022,1107,1838030.89,6553361.16,5.41,xs_16,Marsh,0.068,0.142,1.3,17,1:04:16 PM,5/15/2024,FIXED,NA,4.98888,5.89416,5.6088
101,marsh_xs_1,45.700522,0.150137,1108,1838030.53,6553358.12,5.37,xs_16,Marsh,0.063,0.139,1.3,17,1:04:26 PM,5/15/2024,FIXED,NA,4.98888,5.75312,5.4776
102,marsh_xs_1,43.525363,0.13041,1109,1838030.14,6553355.98,5.32,xs_16,Marsh,0.062,0.137,1.3,17,1:04:39 PM,5/15/2024,FIXED,NA,4.8052,5.7072,5.4448
103,marsh_xs_1,42.341666,-0.141916,1110,1838029.67,6553354.86,5.34,xs_16,Marsh,0.06,0.136,1.3,17,1:04:58 PM,5/15/2024,FIXED,NA,4.8052,5.7072,5.3464
104,marsh_xs_1,40.034033,-0.047404,1111,1838029.37,6553352.57,5.33,xs_16,Marsh,0.061,0.137,1.3,17,1:05:08 PM,5/15/2024,FIXED,NA,4.78224,5.63504,5.3464
105,marsh_xs_1,36.940263,-0.273655,1112,1838028.62,6553349.56,5.37,xs_16,Marsh,0.061,0.139,1.3,17,1:05:20 PM,5/15/2024,FIXED,NA,4.86424,5.6088,5.2808
106,marsh_xs_1,33.255631,-0.336862,1113,1838027.93,6553345.94,5.23,xs_16,Marsh,0.062,0.143,1.3,17,1:05:37 PM,5/15/2024,FIXED,NA,4.88392,5.7564,5.3792
107,marsh_xs_1,29.134392,-0.283992,1114,1838027.28,6553341.87,5.38,xs_16,Marsh,0.061,0.139,1.3,17,1:05:58 PM,5/15/2024,FIXED,NA,4.90032,5.81216,5.3464
108,marsh_xs_1,24.791954,-0.923561,1115,1838025.91,6553337.7,5.32,xs_16,Marsh,0.065,0.145,1.3,17,1:06:19 PM,5/15/2024,FIXED,NA,5.02496,5.7728,5.3792
109,marsh_xs_1,20.96844,-0.02911,1116,1838026.14,6553333.78,5.27,xs_16,Marsh,0.068,0.147,1.3,17,1:06:38 PM,5/15/2024,FIXED,NA,5.01184,5.92368,5.3792
110,marsh_xs_1,19.010801,0.035337,1117,1838025.87,6553331.84,5.29,xs_16,Marsh,0.062,0.147,1.3,17,1:06:59 PM,5/15/2024,FIXED,NA,5.0184,5.92368,5.3792
111,marsh_xs_1,15.407672,-0.143445,1118,1838025.08,6553328.32,5.26,xs_16,Marsh,0.063,0.147,1.3,17,1:07:20 PM,5/15/2024,FIXED,NA,4.91016,6.17624,5.3464
112,marsh_xs_1,11.988125,-0.140851,1119,1838024.5,6553324.95,5.28,xs_16,Marsh,0.065,0.149,1.3,17,1:07:43 PM,5/15/2024,FIXED,NA,5.07416,6.3796,5.412
113,marsh_xs_1,8.464,0.783027,1120,1838024.81,6553321.32,5.25,xs_16,Marsh,0.059,0.142,1.3,17,1:08:14 PM,5/15/2024,FIXED,NA,5.03808,6.94704,5.5104
114,marsh_xs_1,4.675991,1.295851,1121,1838024.67,6553317.5,4.92,xs_16,Marsh,0.064,0.147,1.3,17,1:08:30 PM,5/15/2024,FIXED,NA,5.00856,6.98312,5.904
115,marsh_xs_1,0,1.708958,1122,1838024.21,6553312.55,5.24,xs_16,Marsh,0.066,0.151,1.3,17,1:09:00 PM,5/15/2024,FIXED,NA,5.12336,6.87816,5.5432
116,NL_center,868.116243,-3.483019,1133,1840394.06,6552602.17,9.56,levee,Levee,0.101,0.177,1.4,16,2:36:04 PM,5/15/2024,FIXED,NA,9.13152,9.72192,9.2168
117,NL_center,756.344212,-1.876405,1134,1840379.86,6552492.72,9.1,gcp,GCP,0.083,0.184,1.4,16,2:38:54 PM,5/15/2024,FIXED,NA,8.75432,9.31192,9.1184
118,NL_center,675.097863,-0.95012,1135,1840334.34,6552426.65,8.32,levee,Levee,0.076,0.169,1.4,16,2:41:12 PM,5/15/2024,FIXED,NA,7.50136,8.8068,8.2656
119,NL_center,434.213205,2.448559,1136,1840165.41,6552258.36,8.63,levee,Levee,0.083,0.172,1.3,17,2:43:53 PM,5/15/2024,FIXED,NA,8.48208,9.17744,9.02
120,NL_center,268.807373,1.070546,1137,1840093.86,6552111.29,9.05,levee,Levee,0.112,0.194,1.4,16,2:48:40 PM,5/15/2024,FIXED,NA,8.60016,9.21352,9.02
121,NL_center,756.302604,-1.810308,1158,1840379.91,6552492.66,9.06,gcp chk,GCP,chk,0.072,0.12,1.5,4:52:21 PM,5/15/2024,FIXED,NA,8.75432,9.31192,9.1184
122,NL_xs_2,0.091913,-0.067683,1159,1840059.18,6552028.86,6.63,levxs,Levee,0.089,0.144,1.5,13,5:00:58 PM,5/15/2024,FIXED,NA,6.48456,7.46528,8.3312
123,NL_xs_2,1.053681,-0.06589,1160,1840058.33,6552029.31,6.87,levxs,Levee,0.085,0.143,1.5,13,5:01:15 PM,5/15/2024,FIXED,NA,6.48456,8.84288,8.3312
124,NL_xs_2,1.707134,-0.048555,1161,1840057.76,6552029.63,7.62,levxs,Levee,0.08,0.137,1.5,13,5:01:28 PM,5/15/2024,FIXED,NA,6.74696,8.84288,8.3312
125,NL_xs_2,3.04823,0.329816,1162,1840056.75,6552030.59,8.61,levxs,Levee,0.085,0.141,1.5,13,5:01:49 PM,5/15/2024,FIXED,NA,6.74696,8.84288,8.9216
126,NL_xs_2,4.347364,0.628568,1163,1840055.74,6552031.46,8.95,levxs,Levee,0.081,0.137,1.5,13,5:02:13 PM,5/15/2024,FIXED,NA,6.68792,8.84288,8.9216
127,NL_xs_2,6.719806,0.497303,1164,1840053.58,6552032.45,9.26,levxs,Levee,0.079,0.136,1.5,13,5:02:26 PM,5/15/2024,FIXED,NA,6.68792,9.48904,9.3808
128,NL_xs_2,10.014086,0.592344,1165,1840050.71,6552034.07,9.28,levxs,Levee,0.074,0.128,1.5,13,5:02:38 PM,5/15/2024,FIXED,NA,8.36072,9.65304,9.4464
129,NL_xs_2,12.622038,0.178707,1166,1840048.21,6552034.92,9.3,levxs,Levee,0.089,0.149,1.5,13,5:03:02 PM,5/15/2024,FIXED,NA,7.27176,9.43328,9.348
130,NL_xs_2,14.196732,0.185282,1167,1840046.82,6552035.66,9.39,levxs,Levee,0.095,0.153,1.5,13,5:03:21 PM,5/15/2024,FIXED,NA,7.27176,9.41688,9.3152
131,NL_xs_2,15.397478,-0.560581,1168,1840045.41,6552035.56,9.25,levxs,Levee,0.076,0.132,1.4,14,5:03:49 PM,5/15/2024,FIXED,NA,6.62888,9.41688,9.3152
132,GI_xs,0.737843,-0.060221,1170,1839786.07,6551840.54,15.3,mpxs,Marsh,0.101,0.194,1.3,15,5:12:58 PM,5/15/2024,FIXED,NA,15.0486,15.5866,15.4488
133,GI_xs,18.14813,-1.436434,1171,1839789.21,6551857.72,14.2,mpxs,Marsh,0.091,0.164,1.3,15,5:13:14 PM,5/15/2024,FIXED,NA,14.3861,14.655,14.3664
134,GI_xs,30.857849,-1.967447,1172,1839791.96,6551870.14,13.14,mpxs,Marsh,0.086,0.156,1.3,15,5:13:25 PM,5/15/2024,FIXED,NA,13.4119,13.2348,13.1856
135,GI_xs,42.121518,-0.541589,1173,1839796.23,6551880.66,11.81,mpxs,Marsh,0.081,0.148,1.3,15,5:13:38 PM,5/15/2024,FIXED,NA,11.2701,12.3361,12.2344
136,GI_xs,54.737505,0.638835,1174,1839800.61,6551892.55,10.14,mpxs,Marsh,0.07,0.133,1.3,15,5:13:54 PM,5/15/2024,FIXED,NA,9.88592,10.3714,10.332
137,GI_xs,67.727777,-0.939312,1175,1839802.42,6551905.51,8.46,mpxs,Marsh,0.08,0.144,1.3,15,5:14:07 PM,5/15/2024,FIXED,NA,6.98312,8.81008,8.692
138,GI_xs,81.528131,-0.870228,1176,1839806.03,6551918.83,7.39,mpxs,Marsh,0.09,0.152,1.3,15,5:14:23 PM,5/15/2024,FIXED,NA,6.45504,7.67848,7.6096
139,GI_xs,88.821189,-0.096789,1177,1839808.65,6551925.68,6.34,mpxs,Marsh,0.09,0.151,1.3,15,5:14:40 PM,5/15/2024,FIXED,NA,5.79576,6.69776,6.4616
140,GI_xs,91.57446,-0.248785,1178,1839809.21,6551928.38,5.37,mpxs,Marsh,0.095,0.156,1.3,15,5:14:48 PM,5/15/2024,FIXED,NA,4.9364,6.23856,5.6416
141,GI_xs,95.464598,1.035476,1179,1839811.45,6551931.81,4.59,mpxs,Marsh,0.088,0.141,1.3,15,5:15:20 PM,5/15/2024,FIXED,NA,4.97904,5.99584,5.3792
142,GI_xs,99.525677,2.067388,1180,1839813.49,6551935.47,4.19,mpxs,Marsh,0.081,0.137,1.3,15,5:15:39 PM,5/15/2024,FIXED,NA,5.32672,6.00896,5.1168
143,GI_xs,102.4987,1.242031,1181,1839813.49,6551938.74,3.17,mpxs,Marsh,0.117,0.178,1.3,15,5:16:55 PM,5/15/2024,FIXED,NA,5.27424,5.81872,5.0512
144,NL_XS_3,0.691654,0.325598,1182,1839831.47,6551929.74,3.94,mpxs,Marsh,0.085,0.149,1.3,15,5:18:32 PM,5/15/2024,FIXED,NA,4.89376,5.86464,5.576
145,NL_XS_3,5.713218,-0.227542,1183,1839831.61,6551934.79,4.53,mpxs,Marsh,0.074,0.136,1.3,15,5:19:26 PM,5/15/2024,FIXED,NA,4.77896,5.83184,5.2152
146,NL_XS_3,11.981216,0.056457,1184,1839832.75,6551940.96,4.42,mpxs,Marsh,0.08,0.146,1.3,15,5:19:54 PM,5/15/2024,FIXED,NA,4.81832,5.20864,5.1824
147,NL_XS_3,17.8378,-0.156835,1185,1839833.41,6551946.9,4.24,mpxs,Marsh,0.079,0.149,1.3,15,5:20:27 PM,5/15/2024,FIXED,NA,4.66744,5.64488,5.2152
148,NL_center,0.071189,1.243839,1186,1839942.99,6551889.92,9.99,lev cl,Levee,0.086,0.148,1.3,15,5:23:30 PM,5/15/2024,FIXED,NA,9.31192,10.0138,9.9712
149,NL_center,16.261052,4.716253,1187,1839956.21,6551899.89,10,lev cl,Levee,0.079,0.144,1.3,15,5:23:46 PM,5/15/2024,FIXED,NA,9.39064,10.0893,9.9384
150,NL_center,36.840912,4.138365,1188,1839969.24,6551915.83,9.69,lev cl,Levee,0.112,0.192,1.3,15,5:24:02 PM,5/15/2024,FIXED,NA,9.52184,9.7252,9.7088
151,NL_center,56.780209,5.953025,1189,1839983.66,6551929.72,9.76,lev cl,Levee,0.091,0.163,1.3,15,5:24:41 PM,5/15/2024,FIXED,NA,9.23976,9.90888,9.84
152,NL_center,74.47555,-0.937792,1190,1839989.22,6551948.14,9.19,lev cl,Levee,0.088,0.16,1.3,15,5:24:57 PM,5/15/2024,FIXED,NA,8.98392,9.65304,9.3808
153,NL_center,98.19042,-2.185753,1191,1840002.04,6551968.13,9.12,lev cl,Levee,0.108,0.184,1.3,15,5:25:16 PM,5/15/2024,FIXED,NA,8.5772,9.37424,9.2168
154,NL_center,121.734279,-2.12897,1192,1840015.82,6551987.22,9.04,lev cl,Levee,0.092,0.177,1.3,15,5:25:35 PM,5/15/2024,FIXED,NA,8.71496,9.184,9.0856
155,NL_center,142.253673,-2.854886,1193,1840027.2,6552004.31,9.19,lev cl,Levee,0.088,0.174,1.3,15,5:25:52 PM,5/15/2024,FIXED,NA,8.24592,9.35128,9.348
156,NL_center,172.177999,-0.23964,1194,1840046.78,6552027.09,9.09,lev cl,Levee,0.074,0.154,1.3,15,5:26:18 PM,5/15/2024,FIXED,NA,8.32792,9.3152,9.2496
157,NL_center,204.958662,-3.257613,1195,1840061.16,6552056.28,9.27,lev cl,Levee,0.101,0.177,1.3,15,5:26:46 PM,5/15/2024,FIXED,NA,7.54728,9.48576,9.4136
158,NL_center,232.917029,-0.923935,1196,1840075.87,6552080.17,9.22,lev cl,Levee,0.109,0.187,1.3,15,5:27:12 PM,5/15/2024,FIXED,NA,8.35744,9.53496,9.348
159,NL_center,262.794376,2.388527,1197,1840092.32,6552105.33,9.03,lev cl,Levee,0.097,0.177,1.3,15,5:27:40 PM,5/15/2024,FIXED,NA,8.23608,9.41032,9.3808
160,NL_center,292.560813,2.293733,1198,1840105.68,6552131.93,8.86,lev cl,Levee,0.099,0.178,1.3,15,5:28:10 PM,5/15/2024,FIXED,NA,8.31152,8.94784,9.02
161,NL_center,318.266801,2.259439,1199,1840117.26,6552154.88,8.5,lev cl,Levee,0.116,0.182,1.3,15,5:29:09 PM,5/15/2024,FIXED,NA,7.12088,8.74448,8.528
162,NL_center,359.439341,1.373363,1200,1840134.9,6552192.19,8.71,lev cl,Levee,0.095,0.162,1.3,15,5:30:04 PM,5/15/2024,FIXED,NA,8.35088,8.9872,8.9216
163,NL_center,390.861038,1.35043,1201,1840147.21,6552221.1,9.03,lev cl,Levee,0.097,0.171,1.3,15,5:30:48 PM,5/15/2024,FIXED,NA,8.61984,9.2004,9.2824
164,NL_center,422.859375,2.016472,1202,1840160.38,6552250.27,9.08,lev cl,Levee,0.094,0.185,1.3,15,5:31:25 PM,5/15/2024,FIXED,NA,8.67232,9.2496,9.184
165,NL_center,452.312569,4.220479,1203,1840181.89,6552266.05,8.92,lev cl,Levee,0.086,0.172,1.3,15,5:31:58 PM,5/15/2024,FIXED,NA,7.9868,9.02328,8.8888
166,NL_center,480.284358,3.641274,1204,1840205.67,6552280.79,9.37,lev cl,Levee,0.102,0.209,1.3,15,5:32:23 PM,5/15/2024,FIXED,FLAG,8.72808,9.38408,9.4464
167,NL_center,509.237246,0.728782,1205,1840229.08,6552298.45,9.17,lev cl,Levee,0.081,0.171,1.3,15,5:32:47 PM,5/15/2024,FIXED,NA,6.99296,9.26928,9.4136
168,NL_center,537.820699,0.228223,1206,1840247.03,6552320.7,9.35,lev cl,Levee,0.1,0.184,1.3,15,5:33:44 PM,5/15/2024,FIXED,NA,7.83592,9.43656,9.4464
169,NL_center,568.427143,-1.064303,1207,1840265.67,6552345.01,9.17,lev cl,Levee,0.09,0.173,1.3,15,5:34:21 PM,5/15/2024,FIXED,NA,8.03272,9.53168,9.3152
170,NL_center,598.906937,0.095285,1208,1840286.11,6552367.65,8.89,lev cl,Levee,0.102,0.199,1.3,15,5:35:02 PM,5/15/2024,FIXED,FLAG,6.71744,8.78056,8.9544
171,NL_center,637.136095,0.015799,1209,1840310.57,6552397.03,9.07,lev cl,Levee,0.088,0.181,1.3,15,5:35:46 PM,5/15/2024,FIXED,NA,8.036,9.17416,8.9216
172,NL_center,667.405251,1.083404,1210,1840330.89,6552419.48,8.85,lev cl,Levee,0.077,0.168,1.3,15,5:36:32 PM,5/15/2024,FIXED,NA,7.23568,8.88552,8.5936
173,NL_xs_1,0.204878,0.03354,1211,1840331.13,6552414.88,5.78,levxs,Levee,0.078,0.166,1.3,15,5:36:57 PM,5/15/2024,FIXED,NA,6.7076,7.39968,7.708
174,NL_xs_1,2.044208,0.299207,1212,1840330.12,6552416.44,8.8,levxs,Levee,0.085,0.177,1.3,15,5:37:10 PM,5/15/2024,FIXED,NA,7.30784,8.99048,8.856
175,NL_xs_1,5.557354,-0.256798,1213,1840327.39,6552418.72,8.62,levxs,Levee,0.081,0.17,1.3,15,5:37:18 PM,5/15/2024,FIXED,NA,7.53088,8.8068,8.4296
176,NL_xs_1,9.173686,-0.018918,1214,1840325.19,6552421.6,7.89,levxs,Levee,0.077,0.163,1.3,15,5:37:32 PM,5/15/2024,FIXED,NA,6.24512,8.65264,8.4296
177,NL_xs_1,11.291927,-0.346132,1215,1840323.55,6552422.98,7.27,levxs,Levee,0.076,0.162,1.3,15,5:37:46 PM,5/15/2024,FIXED,NA,6.56656,8.26232,9.2496
178,NL_xs_1,14.072562,-0.519608,1216,1840321.59,6552424.96,6.65,levxs,Levee,0.081,0.167,1.3,15,5:38:02 PM,5/15/2024,FIXED,NA,6.56656,8.26232,9.184
179,NL_xs_1,16.159467,-0.050947,1217,1840320.57,6552426.84,6.22,levxs,Levee,0.096,0.19,1.3,15,5:38:28 PM,5/15/2024,FIXED,NA,6.42224,8.26232,9.184
180,NL_center,709.053012,2.819908,1218,1840359.26,6552450.02,9.07,levcl,Levee,0.103,0.203,1.3,15,5:39:09 PM,5/15/2024,FIXED,FLAG,7.85232,9.19056,9.348
181,NL_center,753.361161,2.327818,1219,1840382.51,6552488.21,9.19,levcl,Levee,0.082,0.175,1.3,15,5:39:58 PM,5/15/2024,FIXED,NA,8.72152,9.30864,9.3808
182,NL_center,790.208889,-1.726142,1220,1840390.47,6552524.88,9.65,levcl,Levee,0.112,0.203,1.3,15,5:40:16 PM,5/15/2024,FIXED,FLAG,9.18728,9.64976,9.5776
183,NL_center,851.171206,-1.54617,1221,1840394.99,6552585.14,9.72,levcl,Levee,0.073,0.16,1.3,15,5:41:14 PM,5/15/2024,FIXED,NA,8.9872,9.93184,9.7088
184,NL_center,894.320423,-0.980385,1222,1840398.11,6552628.18,9.12,levcl,Levee,0.108,0.188,1.3,15,5:41:43 PM,5/15/2024,FIXED,NA,8.24592,9.27256,8.856
185,SL_center,695.833645,2.216114,2019,1837658.27,6552727.87,8.45,lev_cl,Levee,0.113,0.167,1.4,16,2:32:24 PM,5/16/2024,FIXED,NA,7.54072,8.57392,8.0688
186,SL_center,672.744676,2.104852,2020,1837680.44,6552721.42,8.75,lev_cl,Levee,0.102,0.166,1.4,16,2:32:39 PM,5/16/2024,FIXED,NA,7.48168,8.94456,8.3968
187,SL_center,649.545046,4.562783,2021,1837702.86,6552713.35,8.34,lev_cl,Levee,0.089,0.162,1.4,16,2:32:52 PM,5/16/2024,FIXED,NA,6.72072,8.55096,8.2656
188,SL_center,625.882138,0.715072,2022,1837721.72,6552698.55,8.09,lev_cl,Levee,0.078,0.153,1.4,16,2:33:08 PM,5/16/2024,FIXED,NA,6.71416,8.53784,7.9048
189,SL_center,603.659557,1.948632,2023,1837734.89,6552680.85,8.05,lev_cl,Levee,0.078,0.166,1.4,16,2:33:21 PM,5/16/2024,FIXED,NA,6.44192,8.3476,8.0032
190,SL_center,582.186927,2.281551,2024,1837744.1,6552661.45,8.39,lev_cl,Levee,0.078,0.168,1.4,16,2:33:33 PM,5/16/2024,FIXED,NA,6.82568,8.61,8.2984
191,SL_center,558.570717,0.153307,2025,1837746.8,6552638.28,8.69,lev_cl,Levee,0.078,0.17,1.4,16,2:33:45 PM,5/16/2024,FIXED,NA,7.0356,8.88552,8.5608
192,SL_center,535.191234,1.57378,2026,1837744.61,6552614.96,8.68,lev_cl,Levee,0.076,0.165,1.4,16,2:33:58 PM,5/16/2024,FIXED,NA,6.75024,8.96096,8.4952
193,SL_xs_1,12.886653,1.052599,2027,1837742.4,6552596.83,8.19,lev_cl,Levee,0.072,0.162,1.4,16,2:34:10 PM,5/16/2024,FIXED,NA,6.7404,8.65592,8.2328
194,SL_center,497.720271,0.287964,2028,1837735.28,6552578.89,8.51,lev_cl,Levee,0.061,0.149,1.4,16,2:34:27 PM,5/16/2024,FIXED,NA,6.84208,8.66904,8.4624
195,SL_xs_1,22.6114,-0.177703,2029,1837732.57,6552598.01,7.57,lev_xs,Levee,0.077,0.152,1.4,15,2:37:11 PM,5/16/2024,FIXED,NA,6.46488,8.53128,7.872
196,SL_xs_1,19.62916,0.499384,2030,1837735.72,6552597.9,8.23,lev_xs,Levee,0.083,0.156,1.4,15,2:37:24 PM,5/16/2024,FIXED,NA,6.68792,8.64936,8.364
197,SL_xs_1,15.166263,-0.021783,2031,1837739.93,6552596.33,8.3,lev_xs,Levee,0.067,0.16,1.4,15,2:37:35 PM,5/16/2024,FIXED,NA,6.7404,8.692,8.364
198,SL_xs_1,11.745347,-0.325053,2032,1837743.18,6552595.22,8.1,lev_xs,Levee,0.066,0.158,1.4,15,2:37:43 PM,5/16/2024,FIXED,NA,6.41568,8.75104,8.2328
199,SL_xs_1,8.31313,-0.254864,2033,1837746.53,6552594.47,8.25,lev_xs,Levee,0.066,0.16,1.4,15,2:37:59 PM,5/16/2024,FIXED,NA,6.64856,8.0688,8.1672
200,SL_xs_1,6.393384,-0.525027,2034,1837748.33,6552593.75,7.71,lev_xs,Levee,0.064,0.156,1.4,15,2:38:09 PM,5/16/2024,FIXED,NA,6.64856,8.0688,7.8392
201,SL_xs_1,4.307832,-0.589742,2035,1837750.34,6552593.19,7.03,lev_xs,Levee,0.062,0.149,1.4,15,2:38:18 PM,5/16/2024,FIXED,NA,6.06144,7.29144,6.9864
202,SL_xs_1,2.612692,-0.070695,2036,1837752.11,6552593.29,6.64,lev_xs,Levee,0.068,0.158,1.4,15,2:38:35 PM,5/16/2024,FIXED,NA,6.06144,6.97,6.9864
203,SL_xs_1,0.620815,0.078425,2037,1837754.08,6552592.96,5.88,lev_xs,Levee,0.066,0.16,1.4,15,2:38:43 PM,5/16/2024,FIXED,NA,6.21888,6.94704,6.9536
204,SL_center,488.506071,1.090267,2038,1837730.87,6552570.76,8.44,lev_cl,Levee,0.076,0.161,1.4,15,2:39:17 PM,5/16/2024,FIXED,NA,6.5928,8.64936,8.4296
205,SL_center,462.596656,-1.13577,2039,1837714.73,6552550.37,8.22,lev_cl,Levee,0.087,0.169,1.3,15,2:39:29 PM,5/16/2024,FIXED,NA,6.47144,8.43288,8.2328
206,SL_center,443.688772,-0.3311,2040,1837700.75,6552539.31,8.07,lev_cl,Levee,0.084,0.168,1.3,15,2:39:40 PM,5/16/2024,FIXED,NA,6.84864,8.33776,8.036
207,SL_center,416.583072,1.866545,2041,1837677.16,6552525.78,8.23,lev_cl,Levee,0.108,0.178,1.3,15,2:39:52 PM,5/16/2024,FIXED,NA,6.28448,8.4132,8.2
208,SL_center,389.732318,1.620115,2042,1837652.76,6552514.57,8.22,lev_cl,Levee,0.065,0.149,1.3,15,2:40:36 PM,5/16/2024,FIXED,NA,6.4288,8.41648,8.2
209,SL_center,367.258756,-2.667129,2043,1837630.6,6552508.88,8.35,lev_cl,Levee,0.064,0.155,1.3,15,2:41:04 PM,5/16/2024,FIXED,NA,6.65184,8.76416,8.528
210,SL_center,341.053277,-4.694677,2044,1837610.39,6552490.59,8.52,lev_cl,Levee,0.063,0.15,1.3,15,2:41:30 PM,5/16/2024,FIXED,NA,6.54032,8.77072,8.4624
211,SL_center,314.907245,-3.986013,2045,1837594.35,6552469.93,8.51,lev_cl,Levee,0.064,0.15,1.3,15,2:41:48 PM,5/16/2024,FIXED,NA,6.50752,8.69856,8.5608
212,SL_center,293.020051,-0.56309,2046,1837583.11,6552450.84,8.02,lev_cl,Levee,0.076,0.161,1.3,15,2:42:02 PM,5/16/2024,FIXED,NA,6.63544,8.35088,7.9376
213,SL_center,266.528657,-1.615001,2047,1837565.49,6552431.03,7.81,lev_cl,Levee,0.102,0.184,1.3,15,2:42:16 PM,5/16/2024,FIXED,NA,6.66496,7.99008,7.7736
214,SL_center,241.532568,-3.395891,2048,1837550.56,6552410.65,7.99,lev_cl,Levee,0.081,0.164,1.3,15,2:42:31 PM,5/16/2024,FIXED,NA,6.8388,8.20656,7.872
215,SL_center,217.220327,-0.572002,2049,1837540.02,6552388.56,8.41,lev_cl,Levee,0.073,0.165,1.5,14,2:42:47 PM,5/16/2024,FIXED,NA,6.61248,8.67888,8.2656
216,SL_center,187.95729,-2.302517,2050,1837522.99,6552364.7,8.45,lev_cl,Levee,0.081,0.172,1.5,14,2:43:07 PM,5/16/2024,FIXED,NA,6.52392,8.93472,9.02
217,SL_center,163.566137,-0.859822,2051,1837511.82,6552342.71,8,lev_cl,Levee,0.099,0.191,1.5,14,2:43:28 PM,5/16/2024,FIXED,NA,6.62888,8.62312,8.1344
218,SL_center,149.748344,0.187,2052,1837510.18,6552328.95,7.33,lev_cl,Levee,0.067,0.15,1.5,14,2:44:02 PM,5/16/2024,FIXED,NA,6.3632,5.40872,7.0848
219,SL_culvert,8.938541,-0.112995,2053,1837509.01,6552326.59,6.48,lev_cl,Levee,0.066,0.147,1.5,14,2:44:13 PM,5/16/2024,FIXED,NA,6.55344,3.71624,7.5112
220,SL_culvert,7.196707,-0.108176,2054,1837508.55,6552324.91,6.25,lev_cl,Levee,0.065,0.146,1.5,14,2:44:23 PM,5/16/2024,FIXED,NA,6.55344,3.71624,7.3144
221,SL_culvert,5.91464,-0.054223,2055,1837508.26,6552323.66,7.04,lev_cl,Levee,0.07,0.154,1.5,14,2:44:32 PM,5/16/2024,FIXED,NA,6.55344,2.76176,7.3144
222,SL_culvert,4.901826,-0.002162,2056,1837508.04,6552322.67,7.06,lev_cl,Levee,0.064,0.144,1.5,14,2:44:41 PM,5/16/2024,FIXED,NA,6.56,2.76176,7.3144
223,SL_center,142.191538,-0.303597,2057,1837508.24,6552321.63,5.52,lev_cl,Levee,0.065,0.143,1.5,14,2:44:53 PM,5/16/2024,FIXED,NA,6.56,2.76176,7.216
224,SL_culvert,2.613743,0.278362,2058,1837507.7,6552320.39,6.73,lev_cl,Levee,0.068,0.152,1.5,14,2:45:03 PM,5/16/2024,FIXED,NA,6.56,2.23368,7.216
225,SL_culvert,0.095561,0.47731,2059,1837507.22,6552317.91,7.34,lev_cl,Levee,0.069,0.153,1.5,14,2:45:11 PM,5/16/2024,FIXED,NA,6.61904,2.23368,7.4128
226,SL_center,127.977246,-1.634965,2060,1837504.19,6552307.94,7.43,lev_cl,Levee,0.078,0.146,1.5,15,2:47:27 PM,5/16/2024,FIXED,NA,6.30744,3.92616,7.0192
227,SL_center,108.782185,-4.401934,2061,1837497.77,6552289.64,7.6,lev_cl,Levee,0.071,0.16,1.5,15,2:47:50 PM,5/16/2024,FIXED,NA,6.43864,8.50176,7.7736
228,SL_center,94.732605,-1.99479,2062,1837497.42,6552275.39,7.86,lev_cl,Levee,0.063,0.141,1.5,15,2:48:08 PM,5/16/2024,FIXED,NA,6.70432,8.43288,8.364
229,SL_center,88.20927,-0.599403,2063,1837497.53,6552268.72,8.34,lev_cl,Levee,0.066,0.153,1.5,15,2:48:18 PM,5/16/2024,FIXED,NA,6.5928,8.4296,8.4296
230,SL_center,63.745033,-0.629758,2064,1837496.65,6552244.33,7.93,lev_cl,Levee,0.066,0.155,1.5,15,2:48:32 PM,5/16/2024,FIXED,NA,6.88144,8.1344,7.9048
231,SL_center,42.07997,-2.924092,2065,1837496.13,6552222.55,7.95,lev_cl,Levee,0.07,0.164,1.5,15,2:48:47 PM,5/16/2024,FIXED,NA,6.93064,8.18032,7.9376
232,SL_center,18.927604,-4.085937,2066,1837496.86,6552199.38,8.05,lev_cl,Levee,0.07,0.158,1.5,15,2:49:01 PM,5/16/2024,FIXED,NA,6.888,8.22624,8.0688
233,SL_center,0.562967,-0.732325,2067,1837501.7,6552181.35,7.84,gcp,GCP,0.059,0.14,1.5,15,2:49:18 PM,5/16/2024,FIXED,NA,6.84536,8.19672,8.0032
234,SL_xs_2,0.253341,0.136061,2068,1837507.22,6552208.76,6.22,lev_xs,Levee,0.059,0.139,1.4,15,2:51:46 PM,5/16/2024,FIXED,NA,6.48456,8.1672,7.0848
235,SL_xs_2,4.493872,-0.371064,2069,1837502.95,6552208.68,7.08,lev_xs,Levee,0.067,0.153,1.4,15,2:51:56 PM,5/16/2024,FIXED,NA,6.12704,8.16392,7.2816
236,SL_xs_2,8.033166,-0.455856,2070,1837499.42,6552208.95,7.75,lev_xs,Levee,0.06,0.14,1.4,15,2:52:05 PM,5/16/2024,FIXED,NA,6.72072,8.14096,7.9048
237,SL_xs_2,10.13688,-0.124823,2071,1837497.36,6552209.49,8.04,lev_xs,Levee,0.062,0.145,1.4,15,2:52:13 PM,5/16/2024,FIXED,NA,6.72072,8.2492,8.0688
238,SL_xs_2,14.734789,-0.376445,2072,1837492.76,6552209.7,8.02,lev_xs,Levee,0.06,0.142,1.4,15,2:52:23 PM,5/16/2024,FIXED,NA,6.75024,8.282,8.3312
239,SL_xs_2,19.349406,-0.961416,2073,1837488.11,6552209.58,7.64,lev_xs,Levee,0.061,0.144,1.4,15,2:52:34 PM,5/16/2024,FIXED,NA,6.40912,7.82936,8.1672
240,SL_xs_2,22.374817,-0.160304,2074,1837485.18,6552210.68,7.05,lev_xs,Levee,0.063,0.145,1.4,15,2:52:47 PM,5/16/2024,FIXED,NA,6.26152,7.37672,8.0688
241,SL_xs_2,24.861252,-0.420562,2075,1837482.68,6552210.67,6.52,lev_xs,Levee,0.061,0.144,1.4,15,2:53:01 PM,5/16/2024,FIXED,NA,6.396,6.9536,7.8392
242,SL_xs_2,26.9095,-0.341313,2076,1837480.48,6552211.02,6.15,lev_xs,Levee,0.065,0.153,1.4,15,2:53:20 PM,5/16/2024,FIXED,NA,6.86176,6.9536,7.9048
